
-- Designations Table Entries

INSERT IGNORE INTO skillbasedb.designations (id,created_by,created_date,modified_by,modified_date,
			description,is_active,name)
            VALUES("desigId_001" ,"ADMIN","2023-01-23 18:27:12","ADMIN","2023-01-23 18:27:12",
            "Description of Associate Software Engineer",1,"Associate Software Engineer");

INSERT IGNORE INTO skillbasedb.designations (id,created_by,created_date,modified_by,modified_date,
            description,is_active,name)
            VALUES("desigId_002" ,"ADMIN","2023-01-23 18:27:12","ADMIN","2023-01-23 18:27:12",
            "Description of Software Engineer",1,"Software Engineer");

INSERT IGNORE INTO skillbasedb.designations (id,created_by,created_date,modified_by,modified_date,
            description,is_active,name)
            VALUES("desigId_003" ,"ADMIN","2023-01-23 18:27:12","ADMIN","2023-01-23 18:27:12",
            "Description of Software Engineer II",1,"Software Engineer II");

INSERT IGNORE INTO skillbasedb.designations (id,created_by,created_date,modified_by,modified_date,
            description,is_active,name)
            VALUES("desigId_004" ,"ADMIN","2023-01-23 18:27:12","ADMIN","2023-01-23 18:27:12",
            "Description of Sr. Engineer Software",1,"Sr. Engineer Software");

INSERT IGNORE INTO skillbasedb.designations (id,created_by,created_date,modified_by,modified_date,
            description,is_active,name)
            VALUES("desigId_005" ,"ADMIN","2023-01-23 18:27:12","ADMIN","2023-01-23 18:27:12",
            "Description of Lead Engineer – Software",1,"Lead Engineer – Software");

INSERT IGNORE INTO skillbasedb.designations (id,created_by,created_date,modified_by,modified_date,
            description,is_active,name)
            VALUES("desigId_006" ,"ADMIN","2023-01-23 18:27:12","ADMIN","2023-01-23 18:27:12",
            "Description of Manager - Engineering",1,"Manager - Engineering");

INSERT IGNORE INTO skillbasedb.designations (id,created_by,created_date,modified_by,modified_date,
            description,is_active,name)
            VALUES("desigId_007" ,"ADMIN","2023-01-23 18:27:12","ADMIN","2023-01-23 18:27:12",
            "Description of Sr. Manager -  Engineering",1,"Sr. Manager -  Engineering");

INSERT IGNORE INTO skillbasedb.designations (id,created_by,created_date,modified_by,modified_date,
            description,is_active,name)
            VALUES("desigId_008" ,"ADMIN","2023-01-23 18:27:12","ADMIN","2023-01-23 18:27:12",
            "Description of Associate Software Quality Engineer",1,"Associate Software Quality Engineer");

INSERT IGNORE INTO skillbasedb.designations (id,created_by,created_date,modified_by,modified_date,
            description,is_active,name)
            VALUES("desigId_009" ,"ADMIN","2023-01-23 18:27:12","ADMIN","2023-01-23 18:27:12",
            "Description of Software Quality Engineer",1,"Software Quality Engineer");

INSERT IGNORE INTO skillbasedb.designations (id,created_by,created_date,modified_by,modified_date,
            description,is_active,name)
            VALUES("desigId_0010" ,"ADMIN","2023-01-23 18:27:12","ADMIN","2023-01-23 18:27:12",
            "Description of Software Quality Engineer II",1,"Software Quality Engineer II");

INSERT IGNORE INTO skillbasedb.designations (id,created_by,created_date,modified_by,modified_date,
            description,is_active,name)
            VALUES("desigId_0011" ,"ADMIN","2023-01-23 18:27:12","ADMIN","2023-01-23 18:27:12",
            "Description of Sr. Engineer - Software Quality",1,"Sr. Engineer - Software Quality");

INSERT IGNORE INTO skillbasedb.designations (id,created_by,created_date,modified_by,modified_date,
            description,is_active,name)
            VALUES("desigId_0012" ,"ADMIN","2023-01-23 18:27:12","ADMIN","2023-01-23 18:27:12",
            "Description of Lead Engineer - Software Quality",1,"Lead Engineer - Software Quality");

INSERT IGNORE INTO skillbasedb.designations (id,created_by,created_date,modified_by,modified_date,
            description,is_active,name)
            VALUES("desigId_0013" ,"ADMIN","2023-01-23 18:27:12","ADMIN","2023-01-23 18:27:12",
            "Description of Manager Software Quality",1,"Manager Software Quality");

INSERT IGNORE INTO skillbasedb.designations (id,created_by,created_date,modified_by,modified_date,
            description,is_active,name)
            VALUES("desigId_0014" ,"ADMIN","2023-01-23 18:27:12","ADMIN","2023-01-23 18:27:12",
            "Description of Sr. Manager - Software Quality",1,"Sr. Manager - Software Quality");

--  Skills Table Entries

INSERT IGNORE INTO skillbasedb.skills (id,created_by,created_date,modified_by,modified_date,
            description,is_active,skill_name)
            VALUES("skillId_001" ,"ADMIN","2023-01-23 18:27:12","ADMIN","2023-01-23 18:27:12",
		    "Description of Core Java",1,"Core Java");

INSERT IGNORE INTO skillbasedb.skills (id,created_by,created_date,modified_by,modified_date,
            description,is_active,skill_name)
            VALUES("skillId_002" ,"ADMIN","2023-01-23 18:27:12","ADMIN","2023-01-23 18:27:12",
		    "Description of Angular",1,"Angular");

INSERT IGNORE INTO skillbasedb.skills (id,created_by,created_date,modified_by,modified_date,
            description,is_active,skill_name)
            VALUES("skillId_003" ,"ADMIN","2023-01-23 18:27:12","ADMIN","2023-01-23 18:27:12",
		    "Description of MySQL",1,"MySQL");

INSERT IGNORE INTO skillbasedb.skills (id,created_by,created_date,modified_by,modified_date,
            description,is_active,skill_name)
            VALUES("skillId_004" ,"ADMIN","2023-01-23 18:27:12","ADMIN","2023-01-23 18:27:12",
		    "Description of Spring Boot",1,"Spring Boot");

INSERT IGNORE INTO skillbasedb.skills (id,created_by,created_date,modified_by,modified_date,
            description,is_active,skill_name)
            VALUES("skillId_005" ,"ADMIN","2023-01-23 18:27:12","ADMIN","2023-01-23 18:27:12",
		    "Description of Microservices",1,"Microservices");

INSERT IGNORE INTO skillbasedb.skills (id,created_by,created_date,modified_by,modified_date,
            description,is_active,skill_name)
            VALUES("skillId_006" ,"ADMIN","2023-01-23 18:27:12","ADMIN","2023-01-23 18:27:12",
		    "Description of Docker",1,"Docker");

INSERT IGNORE INTO skillbasedb.skills (id,created_by,created_date,modified_by,modified_date,
            description,is_active,skill_name)
            VALUES("skillId_007" ,"ADMIN","2023-01-23 18:27:12","ADMIN","2023-01-23 18:27:12",
		    "Description of React JS",1,"React JS");

INSERT IGNORE INTO skillbasedb.skills (id,created_by,created_date,modified_by,modified_date,
            description,is_active,skill_name)
            VALUES("skillId_008" ,"ADMIN","2023-01-23 18:27:12","ADMIN","2023-01-23 18:27:12",
		    "Description of Node JS",1,"Node JS");

INSERT IGNORE INTO skillbasedb.skills (id,created_by,created_date,modified_by,modified_date,
            description,is_active,skill_name)
            VALUES("skillId_009" ,"ADMIN","2023-01-23 18:27:12","ADMIN","2023-01-23 18:27:12",
		    "Description of Python",1,"Python");

INSERT IGNORE INTO skillbasedb.skills (id,created_by,created_date,modified_by,modified_date,
            description,is_active,skill_name)
            VALUES("skillId_0010" ,"ADMIN","2023-01-23 18:27:12","ADMIN","2023-01-23 18:27:12",
		    "Description of Django",1,"Django");

INSERT IGNORE INTO skillbasedb.skills (id,created_by,created_date,modified_by,modified_date,
            description,is_active,skill_name)
            VALUES("skillId_0011" ,"ADMIN","2023-01-23 18:27:12","ADMIN","2023-01-23 18:27:12",
		    "Description of Express JS",1,"Express JS");

INSERT IGNORE INTO skillbasedb.skills (id,created_by,created_date,modified_by,modified_date,
            description,is_active,skill_name)
            VALUES("skillId_0012" ,"ADMIN","2023-01-23 18:27:12","ADMIN","2023-01-23 18:27:12",
		    "Description of Artificial Intelligence",1,"Artificial Intelligence");

INSERT IGNORE INTO skillbasedb.skills (id,created_by,created_date,modified_by,modified_date,
            description,is_active,skill_name)
            VALUES("skillId_0013" ,"ADMIN","2023-01-23 18:27:12","ADMIN","2023-01-23 18:27:12",
		    "Description of Data Science",1,"Data Science");

INSERT IGNORE INTO skillbasedb.skills (id,created_by,created_date,modified_by,modified_date,
            description,is_active,skill_name)
            VALUES("skillId_0014" ,"ADMIN","2023-01-23 18:27:12","ADMIN","2023-01-23 18:27:12",
		    "Description of Power BI",1,"Power BI");

INSERT IGNORE INTO skillbasedb.skills (id,created_by,created_date,modified_by,modified_date,
            description,is_active,skill_name)
            VALUES("skillId_0015" ,"ADMIN","2023-01-23 18:27:12","ADMIN","2023-01-23 18:27:12",
		    "Description of R Language",1,"R Language");

INSERT IGNORE INTO skillbasedb.skills (id,created_by,created_date,modified_by,modified_date,
            description,is_active,skill_name)
            VALUES("skillId_0016" ,"ADMIN","2023-01-23 18:27:12","ADMIN","2023-01-23 18:27:12",
		    "Description of Scala",1,"Scala");


-- Category Table Entries

INSERT IGNORE INTO skillbasedb.category (id,created_by,created_date,modified_by,modified_date,
            cat_name,description,is_active)
            VALUES("cat_001" ,"ADMIN","2023-01-23 18:27:12","ADMIN","2023-01-23 18:27:12",
		    "Backend Developer","Description of Backend Developer",1);

INSERT IGNORE INTO skillbasedb.category (id,created_by,created_date,modified_by,modified_date,
            cat_name,description,is_active)
            VALUES("cat_002" ,"ADMIN","2023-01-23 18:27:12","ADMIN","2023-01-23 18:27:12",
		    "UI Developer","Description of UI Developer",1);

INSERT IGNORE INTO skillbasedb.category (id,created_by,created_date,modified_by,modified_date,
            cat_name,description,is_active)
            VALUES("cat_003" ,"ADMIN","2023-01-23 18:27:12","ADMIN","2023-01-23 18:27:12",
		    "FullStack Developer","Description of FullStack Developer",1);

INSERT IGNORE INTO skillbasedb.category (id,created_by,created_date,modified_by,modified_date,
            cat_name,description,is_active)
            VALUES("cat_004" ,"ADMIN","2023-01-23 18:27:12","ADMIN","2023-01-23 18:27:12",
		    "Devops","Description of Devops",1);

INSERT IGNORE INTO skillbasedb.category (id,created_by,created_date,modified_by,modified_date,
            cat_name,description,is_active)
            VALUES("cat_005" ,"ADMIN","2023-01-23 18:27:12","ADMIN","2023-01-23 18:27:12",
		    "Cloud","Description of Cloud",1);

INSERT IGNORE INTO skillbasedb.category (id,created_by,created_date,modified_by,modified_date,
            cat_name,description,is_active)
            VALUES("cat_006" ,"ADMIN","2023-01-23 18:27:12","ADMIN","2023-01-23 18:27:12",
		    "Quality Analyst","Description of QA",1);


-- Skill Rating Table Entries

INSERT IGNORE INTO skillbasedb.skills_rating (id,created_by,created_date,description,is_active,
            name,modified_by,modified_date)
            VALUES("sr_001" ,"ADMIN","2023-01-23 18:27:12",
            "Description of Very Low",1,"Very Low","ADMIN","2023-01-23 18:27:12");

INSERT IGNORE INTO skillbasedb.skills_rating (id,created_by,created_date,description,is_active,
            name,modified_by,modified_date)
            VALUES("sr_002" ,"ADMIN","2023-01-23 18:27:12",
            "Description of Basic",1,"Basic","ADMIN","2023-01-23 18:27:12");


INSERT IGNORE INTO skillbasedb.skills_rating (id,created_by,created_date,description,is_active,
            name,modified_by,modified_date)
            VALUES("sr_003" ,"ADMIN","2023-01-23 18:27:12",
            "Description of Competent",1,"Competent","ADMIN","2023-01-23 18:27:12");

INSERT IGNORE INTO skillbasedb.skills_rating (id,created_by,created_date,description,is_active,
            name,modified_by,modified_date)
            VALUES("sr_004" ,"ADMIN","2023-01-23 18:27:12",
            "Description of Developed Skills",1,"Developed Skills","ADMIN","2023-01-23 18:27:12");

INSERT IGNORE INTO skillbasedb.skills_rating (id,created_by,created_date,description,is_active,
            name,modified_by,modified_date)
            VALUES("sr_005" ,"ADMIN","2023-01-23 18:27:12",
            "Description of Highly Skilled",1,"Highly Skilled","ADMIN","2023-01-23 18:27:12");

-- Qualification Status Table Entries

INSERT IGNORE INTO skillbasedb.qualification_status (id,created_by,created_date,modified_by,modified_date,
            description,is_active,name)
            VALUES("qs_001" ,"ADMIN","2023-01-23 18:27:12","ADMIN","2023-01-23 18:27:12",
            "Description of Nominated",1,"Nominated");

INSERT IGNORE INTO skillbasedb.qualification_status (id,created_by,created_date,modified_by,modified_date,
            description,is_active,name)
            VALUES("qs_002" ,"ADMIN","2023-01-23 18:27:12","ADMIN","2023-01-23 18:27:12",
            "Description of Appearing",1,"Appearing");

INSERT IGNORE INTO skillbasedb.qualification_status (id,created_by,created_date,modified_by,modified_date,
            description,is_active,name)
            VALUES("qs_003" ,"ADMIN","2023-01-23 18:27:12","ADMIN","2023-01-23 18:27:12",
            "Description of Completed",1,"Completed");


-- Role Table Entries

INSERT IGNORE INTO skillbasedb.role (id,created_by,created_date,modified_by,modified_date,
            description,role_name)
            VALUES("role_001" ,"ADMIN","2023-01-23 18:27:12","ADMIN","2023-01-23 18:27:12",
            "Description of Role Admin","ADMIN");

INSERT IGNORE INTO skillbasedb.role (id,created_by,created_date,modified_by,modified_date,
            description,role_name)
            VALUES("role_002" ,"ADMIN","2023-01-23 18:27:12","ADMIN","2023-01-23 18:27:12",
            "Description of Role User","USER");


-- User Table  -  Admin(Default User)  - Password = "password"  - Stored in DB using BCrypt encoded

INSERT IGNORE INTO skillbasedb.user(id,created_by,created_date,modified_by,modified_date,
         email,grade,is_active,name,password)
            VALUES("user_001","ADMIN","2023-01-23 18:27:12","ADMIN","2023-01-23 18:27:12",
            "admin@gmail.com","A",1,"admin","$2a$12$M0VLsn41dIcobhRZWmXw7uWoMpYdeckODn6db1CVXCI5Fv95pD/Ru");

-- User Designation Mapping

INSERT IGNORE INTO skillbasedb.user_designation_mapping (id,created_by,created_date,modified_by,modified_date,
            is_active,designation_id,user_id)
            VALUES("user_desig_002" ,"ADMIN","2023-01-30 14:27:12","ADMIN","2023-01-30 14:27:12",1,
            "desigId_006","user_001");

-- User Role Mapping

INSERT IGNORE INTO skillbasedb.user_role_mapping (id,created_by,created_date,modified_by,modified_date,
            role_id,is_active,user_id)
            VALUES("user_role_008" ,"ADMIN","2023-01-23 18:27:12","ADMIN","2023-01-23 18:27:12",
            "role_001",1,"user_001");

-- User category Mapping
INSERT IGNORE INTO skillbasedb.user_category_mapping (id,created_by,created_date,modified_by,modified_date,
            category_id,is_active,user_id)
            VALUES("user_cat_001" ,"ADMIN","2023-01-23 18:27:12","ADMIN","2023-01-23 18:27:12",
            "cat_001",1,"user_001");

-- Skill Category Mapping details .

INSERT IGNORE INTO skillbasedb.skill_category (id,created_by,created_date,modified_by,
			modified_date,is_active,category_id,skill_id)
            VALUES("skill_cat_001" ,"ADMIN","2023-01-23 18:27:12","ADMIN","2023-01-23 18:27:12",
            1,"cat_001","skillId_004");

INSERT IGNORE INTO skillbasedb.skill_category (id,created_by,created_date,modified_by,
				modified_date,is_active,category_id,skill_id)
            VALUES("skill_cat_002" ,"ADMIN","2023-01-23 18:27:12","ADMIN","2023-01-23 18:27:12",
            1,"cat_001","skillId_001");

INSERT IGNORE INTO skillbasedb.skill_category (id,created_by,created_date,modified_by,
				modified_date,is_active,category_id,skill_id)
            VALUES("skill_cat_003" ,"ADMIN","2023-01-23 18:27:12","ADMIN","2023-01-23 18:27:12",
            1,"cat_001","skillId_005");


INSERT IGNORE INTO skillbasedb.skill_category (id,created_by,created_date,modified_by,
				modified_date,is_active,category_id,skill_id)
            VALUES("skill_cat_004" ,"ADMIN","2023-01-23 18:27:12","ADMIN","2023-01-23 18:27:12",
            1,"cat_002","skillId_002");


INSERT IGNORE INTO skillbasedb.skill_category (id,created_by,created_date,modified_by,
				modified_date,is_active,category_id,skill_id)
            VALUES("skill_cat_005" ,"ADMIN","2023-01-23 18:27:12","ADMIN","2023-01-23 18:27:12",
            1,"cat_002","skillId_007");

INSERT IGNORE INTO skillbasedb.skill_category (id,created_by,created_date,modified_by,
				modified_date,is_active,category_id,skill_id)
            VALUES("skill_cat_006" ,"ADMIN","2023-01-23 18:27:12","ADMIN","2023-01-23 18:27:12",
            1,"cat_003","skillId_001");


INSERT IGNORE INTO skillbasedb.skill_category (id,created_by,created_date,modified_by,
				modified_date,is_active,category_id,skill_id)
            VALUES("skill_cat_007" ,"ADMIN","2023-01-23 18:27:12","ADMIN","2023-01-23 18:27:12",
            1,"cat_003","skillId_002");


INSERT IGNORE INTO skillbasedb.skill_category (id,created_by,created_date,modified_by,
				modified_date,is_active,category_id,skill_id)
            VALUES("skill_cat_008" ,"ADMIN","2023-01-23 18:27:12","ADMIN","2023-01-23 18:27:12",
            1,"cat_003","skillId_007");

INSERT IGNORE INTO skillbasedb.skill_category (id,created_by,created_date,modified_by,
				modified_date,is_active,category_id,skill_id)
            VALUES("skill_cat_009" ,"ADMIN","2023-01-23 18:27:12","ADMIN","2023-01-23 18:27:12",
            1,"cat_003","skillId_005");






